-- Clear existing data and re-seed (be careful - this deletes existing data!)
-- Only run this if tables are empty or you want to reset

-- Delete existing data in reverse dependency order
DELETE FROM testimonials;
DELETE FROM partners;
DELETE FROM team_members;
DELETE FROM destinations;
DELETE FROM services;
DELETE FROM pages;
DELETE FROM site_settings;

-- Insert site settings
INSERT INTO site_settings (key, value) VALUES
('company_name', '"SEWA Hospitality Services Pvt. Ltd."'),
('company_tagline', '"Bespoke hospitality and lifestyle services for global elites in India"'),
('contact_email', '"concierge@sewa-hospitality.com"'),
('contact_phone', '"+91 XXXX-XXXX-XXXX"'),
('contact_whatsapp', '"+91 XXXX-XXXX-XXXX"'),
('address', '{"city": "Gurgaon", "country": "India"}'),
('social_links', '{"linkedin": "", "instagram": "", "facebook": "", "twitter": ""}'),
('business_hours', '{"weekdays": "9:00 AM - 10:00 PM", "weekends": "10:00 AM - 8:00 PM"}');

-- Insert pages SEO data
INSERT INTO pages (slug, title, description, meta_keywords) VALUES
('home', 'SEWA Hospitality - Luxury Concierge & Services in India', 'Bespoke hospitality and lifestyle services for global elites in India. Luxury travel, concierge, residences, and relocation.', ARRAY['luxury concierge india', 'expat services', 'luxury travel india', 'relocation services india']),
('about', 'About SEWA Hospitality - Our Story & Values', 'Bridging Indian hospitality traditions with global standards of excellence. Learn about our vision, philosophy, and leadership team.', ARRAY['about sewa hospitality', 'luxury concierge company', 'hospitality services india']),
('services', 'Our Services - SEWA Hospitality', 'Comprehensive luxury services including travel, concierge, residences, relocation, and exclusive experiences.', ARRAY['luxury services india', 'concierge services', 'expat relocation']),
('corporate', 'Corporate & Expat Solutions - SEWA Hospitality', 'Seamless relocation and lifestyle management for your global workforce. Executive relocation, corporate housing, and fleet services.', ARRAY['corporate relocation india', 'expat services', 'executive housing']),
('destinations', 'Curated Destinations Across India - SEWA Hospitality', 'Experience India''s most luxurious destinations with our personalized concierge services. Delhi, Mumbai, Goa, Jaipur, and more.', ARRAY['luxury destinations india', 'delhi concierge', 'mumbai luxury', 'goa luxury travel']),
('partners', 'Partners & Affiliations - SEWA Hospitality', 'Authorized partnerships with India''s most prestigious hospitality and service providers.', ARRAY['luxury partners india', 'hotel partnerships', 'travel partners']),
('contact', 'Contact SEWA Hospitality - Concierge Request', 'Connect with our concierge desk and let us craft your perfect experience in India.', ARRAY['contact sewa', 'concierge request', 'luxury travel inquiry']);

-- Insert services with image URLs
INSERT INTO services (slug, title, title_hi, description, description_hi, items, icon, image_url, display_order, is_featured, is_published) VALUES
('travel', 'Luxury Travel & Mobility', 'लक्जरी यात्रा और गतिशीलता', 'Experience the world in absolute comfort with our curated travel solutions', 'हमारे क्यूरेटेड यात्रा समाधानों के साथ पूर्ण आराम में दुनिया का अनुभव करें', ARRAY['First/Business Class bookings', 'Luxury hotels & resorts', 'Chauffeur-driven cars', 'Airport VIP services', 'Private jet arrangements', 'Yacht charters'], 'Plane', '/placeholder.svg?height=400&width=600', 1, true, true),
('concierge', 'Concierge & Lifestyle', 'कन्सीयज और जीवनशैली', 'Your dedicated team ready to fulfill your every desire', 'आपकी हर इच्छा पूरी करने के लिए तैयार आपकी समर्पित टीम', ARRAY['24/7 personal concierge', 'Fine dining reservations', 'Shopping assistance', 'Private chef services', 'Wellness & spa arrangements', 'Event planning'], 'Sparkles', '/placeholder.svg?height=400&width=600', 2, true, true),
('residences', 'Premium Residences', 'प्रीमियम आवास', 'Your perfect home away from home with full-service luxury', 'पूर्ण-सेवा विलासिता के साथ घर से दूर आपका परफेक्ट घर', ARRAY['Luxury serviced apartments', 'Full housekeeping services', 'Private chef on request', 'Butler & household staff', 'Premium security systems', 'Concierge within residence'], 'Home', '/placeholder.svg?height=400&width=600', 3, true, true),
('relocation', 'Relocation Services', 'स्थानांतरण सेवाएं', 'Seamless transition to your new home in India', 'भारत में आपके नए घर में निर्बाध संक्रमण', ARRAY['Visa & FRRO assistance', 'Cultural orientation programs', 'School admissions support', 'Settling-in arrangements', 'Property search & selection', 'Move management'], 'MapPin', '/placeholder.svg?height=400&width=600', 4, true, true),
('immigration', 'Immigration Support', 'इमीग्रेशन सहायता', 'Expert guidance through every immigration step', 'प्रत्येक इमीग्रेशन कदम में विशेषज्ञ मार्गदर्शन', ARRAY['Visa consultation & application', 'FRRO registration support', 'Legal documentation', 'Compliance assistance', 'Work permit support', 'Family visa processing'], 'FileText', '/placeholder.svg?height=400&width=600', 5, false, true),
('experiences', 'Curated Experiences', 'क्यूरेटेड अनुभव', 'Unforgettable moments tailored to your interests', 'आपकी रुचियों के अनुरूप अविस्मरणीय क्षण', ARRAY['Private cultural tours', 'Invite-only experiences', 'Corporate team building', 'CSR event planning', 'Heritage walks', 'Wellness retreats'], 'Star', '/placeholder.svg?height=400&width=600', 6, true, true);

-- Insert destinations with image URLs
INSERT INTO destinations (slug, name, name_hi, headline, headline_hi, description, description_hi, icon, services, highlights, image_url, display_order, is_featured, is_published) VALUES
('delhi-ncr', 'Delhi NCR', 'दिल्ली एनसीआर', 'Business Hub of India', 'भारत का व्यापार केंद्र', 'Modern luxury meets ancient heritage in India''s capital region. Experience world-class business infrastructure alongside iconic monuments.', 'भारत की राजधानी क्षेत्र में आधुनिक विलासिता प्राचीन विरासत से मिलती है।', 'Building', ARRAY['Business facilities', 'Urban luxury hotels', 'Cultural experiences', 'Fine dining', 'Shopping'], ARRAY['Iconic monuments and museums', 'World-class business infrastructure', 'Michelin-starred restaurants', 'Luxury shopping malls'], '/placeholder.svg?height=600&width=800', 1, true, true),
('mumbai', 'Mumbai', 'मुंबई', 'Cosmopolitan Coastal Paradise', 'महानगरीय तटीय स्वर्ग', 'Bollywood glamour meets corporate sophistication in India''s financial capital. Stunning sea views and vibrant nightlife await.', 'भारत की वित्तीय राजधानी में बॉलीवुड ग्लैमर कॉर्पोरेट परिष्कार से मिलता है।', 'Building2', ARRAY['Coastal villas', 'Fine dining', 'Entertainment', 'Shopping', 'Business'], ARRAY['Gateway of India views', 'Luxury beachfront properties', 'Five-star dining experiences', 'Entertainment & nightlife'], '/placeholder.svg?height=600&width=800', 2, true, true),
('goa', 'Goa', 'गोवा', 'Tropical Leisure Escape', 'उष्णकटिबंधीय अवकाश पलायन', 'Sun, sand, and serenity in India''s premier beach destination. Perfect blend of Portuguese heritage and Indian hospitality.', 'भारत के प्रमुख समुद्र तट गंतव्य में सूर्य, रेत और शांति।', 'Palmtree', ARRAY['Luxury villas', 'Wellness retreats', 'Water sports', 'Fine dining', 'Events'], ARRAY['Private beach access', 'Wellness and yoga programs', 'Yacht charters', 'Sunset dining experiences'], '/placeholder.svg?height=600&width=800', 3, true, true),
('jaipur', 'Jaipur', 'जयपुर', 'The Pink City Experience', 'गुलाबी शहर का अनुभव', 'Royal heritage and cultural immersion in Rajasthan. Stay in palace hotels and experience Maharaja-level hospitality.', 'राजस्थान में शाही विरासत और सांस्कृतिक विसर्जन।', 'Crown', ARRAY['Heritage tours', 'Royal experiences', 'Cultural immersion', 'Fine dining', 'Events'], ARRAY['City Palace tours', 'Amber Fort experiences', 'Traditional Rajasthani cuisine', 'Cultural performances'], '/placeholder.svg?height=600&width=800', 4, true, true),
('varanasi', 'Varanasi', 'वाराणसी', 'Spiritual Awakening', 'आध्यात्मिक जागृति', 'The world''s oldest living city and holiest Hindu pilgrimage site. Experience the spiritual heart of India.', 'दुनिया का सबसे पुराना जीवित शहर और सबसे पवित्र हिंदू तीर्थ स्थल।', 'Sparkles', ARRAY['Spiritual concierge', 'Private ghat access', 'Cultural tours', 'Meditation', 'Wellness'], ARRAY['Private ghat experiences', 'Spiritual guidance', 'Traditional ceremonies', 'Cultural education'], '/placeholder.svg?height=600&width=800', 5, false, true),
('rishikesh', 'Rishikesh', 'ऋषिकेश', 'Yoga & Wellness Capital', 'योग और कल्याण राजधानी', 'Gateway to the Himalayas and center of spiritual wellness. World-class yoga and meditation experiences.', 'हिमालय का प्रवेश द्वार और आध्यात्मिक कल्याण का केंद्र।', 'Heart', ARRAY['Yoga retreats', 'Wellness programs', 'Adventure activities', 'Meditation', 'Ayurveda'], ARRAY['World-class yoga programs', 'Ayurvedic treatments', 'Adventure activities', 'Meditation & wellness'], '/placeholder.svg?height=600&width=800', 6, false, true),
('south-india', 'South India', 'दक्षिण भारत', 'Tropical Splendor', 'उष्णकटिबंधीय भव्यता', 'Backwaters, beaches, and ancient temples across Kerala, Tamil Nadu, and beyond. Explore India''s tropical paradise.', 'केरल, तमिलनाडु और उससे परे बैकवाटर, समुद्र तट और प्राचीन मंदिर।', 'Waves', ARRAY['Backwater cruises', 'Temple tours', 'Beach resorts', 'Spice route', 'Ayurveda'], ARRAY['Backwater houseboats', 'Ancient temple tours', 'Spice plantation visits', 'Traditional cuisine'], '/placeholder.svg?height=600&width=800', 7, false, true);

-- Insert team members with image URLs
INSERT INTO team_members (name, title, bio, expertise, languages, image_url, display_order, is_leadership, is_published) VALUES
('Priya Sharma', 'Founder & Director', 'With over 15 years in luxury hospitality, Priya founded SEWA to bridge the gap between Indian warmth and global service standards. Her vision is to showcase authentic Indian hospitality to the world.', ARRAY['Concierge', 'Hospitality', 'Client Relations'], ARRAY['Hindi', 'English'], '/placeholder.svg?height=400&width=400', 1, true, true),
('Kenji Tanaka', 'Head of International Relations', 'Kenji brings expertise in serving Japanese corporate clients and executives relocating to India. His bicultural understanding ensures seamless transitions for Asian clientele.', ARRAY['Travel', 'Corporate', 'Japanese Market'], ARRAY['Japanese', 'English', 'Hindi'], '/placeholder.svg?height=400&width=400', 2, true, true),
('Sophie Moreau', 'Director of Residential Services', 'Sophie manages our premium residence portfolio and relocation services with French precision and Indian hospitality. She has helped hundreds of families find their perfect home in India.', ARRAY['Properties', 'Relocation', 'Interior Design'], ARRAY['French', 'English', 'Hindi'], '/placeholder.svg?height=400&width=400', 3, true, true),
('Rajesh Krishnan', 'Head of Concierge Services', 'Rajesh leads our 24/7 concierge team with unmatched dedication. His extensive network across India ensures no request goes unfulfilled.', ARRAY['Concierge', 'Experiences', 'VIP Services'], ARRAY['Hindi', 'English', 'Tamil'], '/placeholder.svg?height=400&width=400', 4, false, true),
('Maria Santos', 'Wellness & Experiences Curator', 'Maria designs our exclusive wellness and cultural experiences. Her background in hospitality and passion for Indian traditions creates unforgettable moments.', ARRAY['Wellness', 'Experiences', 'Events'], ARRAY['Spanish', 'English', 'Hindi'], '/placeholder.svg?height=400&width=400', 5, false, true);

-- Insert partners with logo URLs
INSERT INTO partners (name, category, description, logo_url, website_url, display_order, is_featured, is_published) VALUES
('Oberoi Hotels & Resorts', 'Hotels', 'India''s premier luxury hotel chain with properties across the subcontinent', '/placeholder.svg?height=100&width=200', 'https://www.oberoihotels.com', 1, true, true),
('Taj Hotels', 'Hotels', 'Iconic heritage hotels and premium hospitality since 1903', '/placeholder.svg?height=100&width=200', 'https://www.tajhotels.com', 2, true, true),
('ITC Hotels', 'Hotels', 'Responsible luxury hotels with world-class business amenities', '/placeholder.svg?height=100&width=200', 'https://www.itchotels.com', 3, true, true),
('Leela Palace', 'Hotels', 'Ultra-luxury properties celebrating Indian art and heritage', '/placeholder.svg?height=100&width=200', 'https://www.theleela.com', 4, true, true),
('Aman Resorts', 'Resorts', 'Boutique ultra-luxury resorts with personalized experiences', '/placeholder.svg?height=100&width=200', 'https://www.aman.com', 5, true, true),
('Six Senses', 'Wellness', 'Award-winning wellness resorts and spas', '/placeholder.svg?height=100&width=200', 'https://www.sixsenses.com', 6, true, true),
('Carzonrent', 'Transport', 'India''s leading premium chauffeur and car rental service', '/placeholder.svg?height=100&width=200', 'https://www.carzonrent.com', 7, false, true),
('Air Charter Service', 'Transport', 'Global private jet and helicopter charter arrangements', '/placeholder.svg?height=100&width=200', 'https://www.aircharterservice.com', 8, false, true),
('Knight Frank India', 'Property', 'International luxury real estate consultancy', '/placeholder.svg?height=100&width=200', 'https://www.knightfrank.co.in', 9, false, true),
('Cyril Amarchand Mangaldas', 'Legal', 'India''s leading law firm for immigration and corporate law', '/placeholder.svg?height=100&width=200', 'https://www.cyrilshroff.com', 10, false, true);

-- Insert testimonials with platform-specific data
INSERT INTO testimonials (client_name, client_title, client_company, client_location, client_image_url, platform, platform_url, rating, content, content_hi, service_type, destination, is_featured, display_order, is_published) VALUES
('Takeshi Yamamoto', 'Managing Director', 'Toyota Motor Corporation', 'Tokyo, Japan', '/placeholder.svg?height=100&width=100', 'google', 'https://g.co/kgs/sewa-hospitality', 5, 'SEWA made our executive relocation seamless. From visa processing to finding the perfect residence in Gurgaon, their attention to detail is unmatched. Highly recommend for any Japanese company entering India.', 'SEWA ने हमारे कार्यकारी स्थानांतरण को निर्बाध बना दिया। वीजा प्रोसेसिंग से लेकर गुड़गांव में परफेक्ट आवास खोजने तक, उनका विस्तार पर ध्यान बेजोड़ है।', 'relocation', 'delhi-ncr', true, 1, true),
('Sarah Mitchell', 'Expat Spouse', NULL, 'London, United Kingdom', '/placeholder.svg?height=100&width=100', 'trustpilot', 'https://www.trustpilot.com/review/sewa-hospitality', 5, 'Moving to Delhi with two children was daunting until SEWA stepped in. They handled school admissions, found us a beautiful home, and even arranged cultural orientation. Truly exceptional service that made India feel like home.', 'दो बच्चों के साथ दिल्ली जाना डराने वाला था जब तक SEWA ने कदम नहीं रखा। उन्होंने स्कूल एडमिशन संभाला, हमें एक सुंदर घर दिलाया।', 'relocation', 'delhi-ncr', true, 2, true),
('Hans Mueller', 'CEO', 'Mueller Engineering GmbH', 'Munich, Germany', '/placeholder.svg?height=100&width=100', 'direct', NULL, 5, 'Our corporate retreat in Rajasthan was perfectly orchestrated by SEWA. From private palace dinners to heritage tours, every moment was memorable. Professional, discrete, and absolutely reliable - exactly what we needed.', 'राजस्थान में हमारी कॉर्पोरेट रिट्रीट SEWA द्वारा पूर्ण रूप से आयोजित की गई थी।', 'experiences', 'jaipur', true, 3, true),
('Jennifer Park', 'Travel Blogger', 'Wanderlust Chronicles', 'Seoul, South Korea', '/placeholder.svg?height=100&width=100', 'tripadvisor', 'https://www.tripadvisor.com/sewa-hospitality', 5, 'SEWA curated an incredible 2-week luxury journey through Kerala and Goa. The backwater houseboat experience and beachfront villa were beyond expectations. True luxury travel with authentic Indian experiences.', 'SEWA ने केरल और गोवा के माध्यम से एक अविश्वसनीय 2-सप्ताह की लक्जरी यात्रा तैयार की।', 'travel', 'south-india', true, 4, true),
('Mohammed Al-Rashid', 'Investment Banker', 'Dubai Holdings', 'Dubai, UAE', '/placeholder.svg?height=100&width=100', 'google', 'https://g.co/kgs/sewa-hospitality', 5, 'SEWA''s 24/7 concierge service has been invaluable during my frequent visits to Mumbai. From last-minute restaurant reservations to airport VIP services, they never disappoint. Essential for any serious business traveler.', 'मुंबई की मेरी बार-बार की यात्राओं के दौरान SEWA की 24/7 कन्सीयज सेवा अमूल्य रही है।', 'concierge', 'mumbai', true, 5, true),
('Lisa Chen', 'Marketing Director', 'TechVentures Singapore', 'Singapore', '/placeholder.svg?height=100&width=100', 'direct', NULL, 5, 'Organizing our company offsite in Goa was completely stress-free with SEWA. They managed luxury accommodations, team-building activities, and even arranged a special beach dinner. Will definitely use again for our next corporate event.', 'गोवा में हमारी कंपनी ऑफसाइट का आयोजन SEWA के साथ पूरी तरह से तनाव-मुक्त था।', 'corporate', 'goa', true, 6, true),
('Pierre Dubois', 'Diplomat', 'French Embassy', 'Paris, France', '/placeholder.svg?height=100&width=100', 'trustpilot', 'https://www.trustpilot.com/review/sewa-hospitality', 5, 'As a diplomat with complex protocol requirements, SEWA understood our needs perfectly. Their discretion, professionalism, and attention to security details made our delegation''s visit to India flawless.', 'जटिल प्रोटोकॉल आवश्यकताओं वाले एक राजनयिक के रूप में, SEWA ने हमारी जरूरतों को पूरी तरह से समझा।', 'concierge', 'delhi-ncr', false, 7, true),
('Yuki Nakamura', 'Family Traveler', NULL, 'Osaka, Japan', '/placeholder.svg?height=100&width=100', 'tripadvisor', 'https://www.tripadvisor.com/sewa-hospitality', 5, 'Traveling through India with elderly parents and young children seemed impossible until SEWA made it magical. Every hotel, every transfer, every experience was perfectly tailored to our family''s needs.', 'बुजुर्ग माता-पिता और छोटे बच्चों के साथ भारत में यात्रा करना असंभव लग रहा था जब तक SEWA ने इसे जादुई नहीं बना दिया।', 'travel', 'jaipur', false, 8, true);
